{"cameraMode":{"drawMode":0,"name":"Shaded","section":"Shading Mode"},"sceneLighting":true,"audioPlay":false,"sceneViewState":{"showFog":true,"showMaterialUpdate":false,"showSkybox":true,"showFlares":true,"showImageEffects":true,"showParticleSystems":true},"in2DMode":false,"pivot":{"x":-6.589881896972656,"y":-4.561704158782959,"z":-6.813022136688232},"rotation":{"x":-0.1738632172346115,"y":0.7695323824882507,"z":-0.235780730843544,"w":-0.5674495697021484},"size":20.8709659576416,"orthographic":false}