{"cameraMode":{"drawMode":0,"name":"Shaded","section":"Shading Mode"},"sceneLighting":false,"audioPlay":false,"sceneViewState":{"showFog":true,"showMaterialUpdate":false,"showSkybox":false,"showFlares":true,"showImageEffects":true,"showParticleSystems":true},"in2DMode":false,"pivot":{"x":0.23478150367736817,"y":1.551995038986206,"z":-0.0679769515991211},"rotation":{"x":-0.007485404144972563,"y":0.9848843812942505,"z":-0.16734956204891206,"w":-0.0440547950565815},"size":8.519562721252442,"orthographic":false}